{"cameraMode":{"drawMode":0,"name":"Shaded","section":"Shading Mode"},"sceneLighting":false,"audioPlay":false,"sceneViewState":{"showFog":true,"showMaterialUpdate":false,"showSkybox":false,"showFlares":true,"showImageEffects":true,"showParticleSystems":true},"in2DMode":false,"pivot":{"x":-0.003965497016906738,"y":0.7994029521942139,"z":0.0390738844871521},"rotation":{"x":-0.07363064587116242,"y":-0.9263771772384644,"z":0.2614732086658478,"w":-0.26086199283599856},"size":1.382256269454956,"orthographic":false}