{"cameraMode":{"drawMode":0,"name":"Shaded","section":"Shading Mode"},"sceneLighting":false,"audioPlay":false,"sceneViewState":{"showFog":true,"showMaterialUpdate":false,"showSkybox":false,"showFlares":true,"showImageEffects":true,"showParticleSystems":true},"in2DMode":false,"pivot":{"x":2.7064690589904787,"y":12.260011672973633,"z":-0.9160778522491455},"rotation":{"x":-0.2756057381629944,"y":-0.6513465642929077,"z":0.27577731013298037,"w":-0.6509501338005066},"size":4.151623249053955,"orthographic":false}